bookID,title,subtitle,author,filename,description,publisher,published_year,price_cad,average_rating,number_of_pages,rating_count,ISBN_13,ISBN_10,isNewRelease,isBestSeller
1,Animation Alchemy,Techniques for the Modern Artist,Steven Cain,022-animation-alchemy.jpg,Blends 2D frame-by-frame with 3D mocap data for hybrid styles. Explains procedural animation using Houdini and Maya. Features creature rigging and facial syncing tutorials. Adapts techniques for indie films vs. AAA games. Prepares animators for multi-pipeline studio environments.,MorphFrame Media,2025,49,4.25,308,3385,978-1-337-63784-8,0-7362-9352-3,false,true
2,Creative Workflows,A Journey into Digital Art,Todd Ware,023-creative-workflows.jpg,"Documents agile methodologies for indie game devs and freelance illustrators. Integrates Trello, Frame.io, and asset libraries into daily practice. Shares burnout prevention and deadline hacks. Balances efficiency with artistic spontaneity. Tailored for solopreneurs and remote teams.",Flowlogic Press,2025,45.75,4.21,210,64,978-0-227-76605-7,0-19-694484-8,false,true
3,Visual FX Techniques,Art in the Digital Age,Katelyn Bell,024-visual-fx-techniques.jpg,"Teaches particle simulations, fluid dynamics, and explosion composites for film. Compares Houdini, EmberGen, and Nuke workflows. Includes green screen lighting and matchmoving basics. Case studies range from indie shorts to blockbuster VFX. Bridges DIY ethos with studio-grade results.",VFXCore Publishing,2025,55.95,4.42,574,2110,978-0-16-158876-0,0-8134-4003-3,false,true
4,Stylized Expressions,Your Complete Companion,Andrew Ayala,030-stylized-expressions.jpg,Guides exaggerated character design for animation and indie games. Breaks down shape language in franchises like Pixar and Studio Ghibli. Includes hair/fabric simplification techniques. Offers style exploration exercises through art history mashups. Helps artists find their visual voice.,StylusWave Media,2022,46.75,4.95,400,3102,978-1-5201-3697-4,0-626-81419-7,false,true
5,Visual Arts Journey,Next-Gen Creativity,Donna Rhodes,001-visual-arts-journey.jpg,Explores cutting-edge techniques blending traditional art with digital innovation. Guides readers through experimental tools like AR and AI-driven design. Features interviews with pioneers redefining creativity. Ideal for artists seeking to future-proof their practice. Emphasizes adaptability in a rapidly evolving visual landscape.,Artisan Press,2025,39.95,3.68,252,762,978-0-219-75251-8,1-84709-067-2,true,false
6,Modeling for Impact,Form Meets Function,Michael Lawrence,002-modeling-for-impact.jpg,"Bridges aesthetics and utility in 3D modeling and industrial design. Demonstrates creating sleek, functional prototypes for tech and architecture. Includes case studies on ergonomic product design. Teaches balancing minimalism with practicality. Targets professionals aiming for user-centric solutions.",Vertex House,2025,42.5,4.14,283,1457,978-1-72354-258-9,0-89796-563-9,false,true
7,Paint & Pixels,Creative Problem Solving,Vanessa Roberts,003-paint-pixels.jpg,Merges traditional painting with digital tools to overcome creative blocks. Offers step-by-step workflows for hybrid projects like digital collages. Encourages experimentation through texture and layer exercises. Fosters resourcefulness in adapting mediums. Perfect for artists navigating analog-to-digital transitions.,Chromatic Studio,2015,45,4.86,367,1846,978-0-301-23905-7,0-07-655555-0,false,true
8,Motion Design Toolkit,For the Passionate Creator,Dorothy Estrada,004-motion-design-toolkit.jpg,"Hands-on guide to kinetic typography, character animation, and dynamic transitions. Breaks down After Effects and Blender techniques for beginners. Features project templates for social media and film. Emphasizes storytelling through movement. Ignites creativity with DIY challenges and asset libraries.",Dynamic Line Books,2025,49.99,4,331,52,978-0-11-102348-8,0-294-12296-6,true,false
9,The Sculptor’s Eye,Deep Dive into Techniques,Samantha Moore,005-the-sculptors-eye.jpg,"Masterclass in clay, digital sculpting, and mixed-media assemblage. Details anatomy studies and material texturing for realism. Includes 3D printing workflows and mold-making. Encourages observational rigor for figurative work. For artists refining technical precision and expressive depth.",Clayform Editions,2011,41.25,4.34,550,2657,978-1-949678-93-2,0-9799114-7-8,false,true
10,UI/UX Innovations,Creating Compelling Scenes,William Curry,006-uiux-innovations.jpg,"Teaches immersive interface design through narrative-driven user journeys. Explores micro-interactions, spatial UI, and gamification. Case studies include VR dashboards and app onboarding. Prioritizes emotional engagement alongside usability. Equips designers to craft memorable digital experiences.",Intuitix Publishing,2025,52.95,4.93,151,1477,978-1-00-872105-0,1-65479-683-2,true,false
11,Rendering Realities,Concept to Completion,Elaine Williams,007-rendering-realities.jpg,"Chronicles pipeline strategies for photorealistic CGI and stylized renders. Compares software like Unreal Engine and Keyshot for optimization. Addresses lighting, particle systems, and post-processing. Shares troubleshooting tips for tight deadlines. A technical companion for 3D artists and VFX teams.",PixelForge Media,2025,47,4.63,340,1088,978-0-213-86582-5,1-74880-243-7,true,false
12,Digital Canvas Secrets,From Novice to Professional,Kristen Sanchez,008-digital-canvas-secrets.jpg,"Demystifies Procreate, Photoshop, and Clip Studio Paint workflows. Covers brush customization, layer management, and color calibration. Includes guest tutorials from concept art veterans. Guides portfolio development for freelance or studio roles. Transforms hobbyists into market-ready illustrators.",RenderHouse Publishing,2023,44.5,4.17,547,2234,978-1-64198-731-8,0-907327-71-0,false,false
13,3D Design Odyssey,Design Like a Pro,Mary Reid,009-3d-design-odyssey.jpg,"Comprehensive roadmap from ZBrush sculpting to Substance Painter workflows. Explains retopology, UV unwrapping, and PBR material creation. Features industry-standard project briefs for product and character design. Shares client communication strategies. Elevates amateurs to studio-level competence.",Polyform Press,2025,53.99,3.87,256,1497,978-0-8306-0948-2,0-658-00556-1,true,false
14,Media Synthesis,The Art of Real-Time Design,Lisa Castillo,010-media-synthesis.jpg,"Leave off consider wife rest pick box idea. Force exactly success look difference real table street.
Future position lead bill hair particular. Crime agent together free involve.",MediaMorph Books,2025,39.99,4.16,219,1702,978-1-298-62968-5,0-7140-4357-5,true,false
15,Texturing Lab,Principles and Practices,Geoffrey Munoz,011-texturing-lab.jpg,"Deep dive into material creation using Substance Designer and Quixel. Explains procedural patterns, weathering effects, and anisotropy. Includes PBR theory and texture-baking workflows. Hands-on labs for surfaces like metals, fabrics, and organic matter. Essential for 3D artists prioritizing realism.",TextureCraft Publishing,2025,43.75,3.82,494,4721,978-1-04-657493-9,1-01-038486-4,true,false
16,Crafting Realism,Innovations in Visual Design,Bill Huynh,012-crafting-realism.jpg,Unveils hyperrealistic techniques for digital matte painting and photobashing. Analyzes light behavior in product photography and CGI. Features forensic texture-capture methods using photogrammetry. Bridges traditional still-life techniques with AI upscaling. For artists obsessed with lifelike detail.,TrueDepth Books,2025,48.5,3.54,485,3593,978-0-515-63875-2,0-471-19421-2,true,false
17,Dynamic Compositions,Exploring Digital Aesthetics,Laura Dominguez,013-dynamic-compositions.jpg,"Breaks down rule-of-thirds, golden ratio, and asymmetry in digital layouts. Teaches color harmony for UI, illustration, and motion graphics. Includes grid systems for responsive web design. Encourages abstraction through shape language. A visual rhythm handbook for multidisciplinary creators.",MotionHue Press,2022,46,4.29,171,3596,978-1-65441-963-9,0-935740-06-6,false,false
18,Blueprints of Art,Driven by Imagination,Sarah Sanchez,014-blueprints-of-art.jpg,Traces ideation processes from thumbnail sketches to polished concepts. Introduces mind-mapping and mood-board strategies for thematic cohesion. Features worldbuilding exercises for games and films. Encourages cross-disciplinary inspiration from music and literature. Unlocks methodologies for original universes.,StructurePoint,2012,40.95,4.39,134,3932,978-0-239-93611-0,1-945469-77-3,false,true
19,Design Narratives,How to Design with Impact,Christopher Fletcher,015-design-narratives.jpg,"Teaches storytelling through branding, packaging, and data visualization. Deconstructs narrative arcs in app user flows and exhibition design. Case studies include nonprofit campaigns and editorial layouts. Emphasizes cultural resonance and ethical messaging. For designers shaping stories that linger.",Narrative Grid Publishing,2019,51.25,4.27,525,1149,978-1-374-68305-1,0-687-13600-8,false,true
20,Visual Mastery,Building Artistic Mastery,Dr. Jonathan Patel PhD,016-visual-mastery.jpg,Cognitive approach to enhancing observational drawing and conceptual thinking. Integrates neuroscience insights with sketchbook practices. Includes memory-to-canvas exercises and speed-iteration drills. Bridges academic theory with studio habits. Rewires perception for accelerated skill growth.,ThinkForm Studio,2023,38.95,3.59,301,2431,978-1-932194-13-5,0-89881-973-3,false,false
21,Interactive Aesthetics,Essentials for Every Artist,Ashley Woodward,017-interactive-aesthetics.jpg,"Explores UI motion design, haptic feedback, and immersive soundscapes. Teaches microcopy and iconography for intuitive interfaces. Includes AR filter tutorials and webGL experiments. Balances accessibility with avant-garde experimentation. A primer for cross-platform engagement.",InterForma Press,2025,50,4.42,452,4639,978-1-4788-3266-9,0-640-47783-6,true,false
22,Elements of Motion,Learn by Doing,Gloria Cole,018-elements-of-motion.jpg,"Project-based guide to logo animations, explainer videos, and title sequences. Uses After Effects and Cavalry for kinetic typography. Caches graph editor mastery and expression scripting. Includes client feedback simulation exercises. Builds confidence through iterative redesigns.",FlowTheory Books,2025,42.99,4.8,156,4633,978-0-602-87540-4,0-07-337798-8,true,false
23,Color and Form,Unlocking Creativity,Sherry Ramirez,019-color-and-form.jpg,Explores psychological impact of palettes in branding and environmental design. Teaches 3D form studies through lighting and shadow. Includes color-blind accessible design strategies. Encourages breaking conventions with surreal hue combinations. Rejuvenates stagnant creative habits.,Paletton House,2011,41.5,3.75,375,4701,978-1-4912-8930-3,1-00-583023-1,false,true
24,From Sketch to Screen,Workflows Explained,Zachary Bates,020-from-sketch-to-screen.jpg,Optimizes collaboration between 2D illustrators and 3D modelers. Details asset-prep standards for animation pipelines. Explains version control and feedback integration tools. Case studies feature indie game studios. Streamlines cross-departmental handoffs for lean production.,FrameShift Press,2013,47.25,4.46,255,3441,978-0-05-470264-8,1-74538-634-3,false,false
25,Surface and Form,Techniques in Practice,Paul Diaz,021-surface-and-form.jpg,"Focuses on automotive rendering, jewelry texturing, and architectural materiality. Teaches anisotropic brushes for brushed metals and fabric draping simulations. Includes UV unwrapping hacks for complex geometries. A technical manual for precision-driven industries.",SurfaceWorks Publishing,2025,39.5,4.84,507,353,978-0-7510-7109-2,1-4357-4351-2,true,false
26,Architectural Forms,Fundamentals and Beyond,Thomas Martinez,025-architectural-forms.jpg,From hand-drafted perspectives to parametric Rhino models. Explores biomimicry and sustainable material innovations. Features interviews with avant-garde studios redefining urban landscapes. Includes VR walkthrough techniques for client presentations. A bridge between tradition and computational design.,ArchiGraph Books,2025,53.5,4.04,494,4309,978-0-370-22256-1,1-63317-766-1,true,false
27,Artistic Mechanics,Inspiration and Application,Matthew Le,026-artistic-mechanics.jpg,"Reveals engineering principles behind kinetic sculptures and interactive installations. Teaches gear systems, motor integration, and Arduino basics. Profiles artists merging robotics with traditional mediums. Encourages tinkering through failure-friendly projects. Sparks cross-disciplinary innovation.",MechArt Studio,2017,42,3.54,128,4481,978-0-7951-9799-4,1-4154-1569-2,false,true
28,Drawing Fundamentals,Professional Workflows,Keith Travis,027-drawing-fundamentals.jpg,"Covers gesture drawing, anatomical breakdowns, and perspective grids. Compares analog media textures with digital brush engines. Includes freelancer pricing templates and client contract samples. Stress-tests skills through timed briefs. Transforms foundational practice into career-ready expertise.",SketchMind Publishing,2010,36.99,3.94,287,3538,978-0-14-659399-4,1-68722-897-3,false,false
29,Structure and Style,Visual Design in Focus,Sandra Dickson,029-structure-and-style.jpg,Balances Swiss typography principles with grunge aesthetic experiments. Teaches brand system scalability across print and digital. Case studies dissect rebranding successes. Includes accessibility-focused font pairing guidelines. Sharpens strategic thinking for coherent visual identities.,Form&Function Books,2021,44.25,4.86,341,2259,978-0-287-10824-8,1-4270-8092-5,false,false
28,Masterclass in Design,Visionary Design Paths,Mr. Cody Patterson Jr.,028-masterclass-in-design.jpg,"Profiles radical designers disrupting fashion, UX, and experiential spaces. Analyzes failed prototypes to teach risk assessment. Assignes speculative projects for 2030 tech scenarios. Champions ethical futurism and inclusive ideation. For leaders reimagining design’s societal role.",DesignLore Editions,2024,58,3.8,380,1652,978-0-05-086378-7,1-01-437395-6,false,false
